,date,team1,team2,toss_winner,toss_decision,winner,venue,batting_team,bowling_team
0,2017-04-05,Sunrisers Hyderabad,Royal Challengers Bangalore,Royal Challengers Bangalore,field,Sunrisers Hyderabad,"Rajiv Gandhi International Stadium, Uppal",Sunrisers Hyderabad,Royal Challengers Bangalore
4,2017-04-08,Royal Challengers Bangalore,Delhi Daredevils,Royal Challengers Bangalore,bat,Royal Challengers Bangalore,M Chinnaswamy Stadium,Royal Challengers Bangalore,Delhi Daredevils
6,2017-04-09,Kolkata Knight Riders,Mumbai Indians,Mumbai Indians,field,Mumbai Indians,Wankhede Stadium,Kolkata Knight Riders,Mumbai Indians
7,2017-04-10,Royal Challengers Bangalore,Kings XI Punjab,Royal Challengers Bangalore,bat,Kings XI Punjab,Holkar Cricket Stadium,Royal Challengers Bangalore,Kings XI Punjab
9,2017-04-12,Sunrisers Hyderabad,Mumbai Indians,Mumbai Indians,field,Mumbai Indians,Wankhede Stadium,Sunrisers Hyderabad,Mumbai Indians
10,2017-04-13,Kings XI Punjab,Kolkata Knight Riders,Kolkata Knight Riders,field,Kolkata Knight Riders,Eden Gardens,Kings XI Punjab,Kolkata Knight Riders
11,2017-04-14,Royal Challengers Bangalore,Mumbai Indians,Mumbai Indians,field,Mumbai Indians,M Chinnaswamy Stadium,Royal Challengers Bangalore,Mumbai Indians
13,2017-04-15,Kolkata Knight Riders,Sunrisers Hyderabad,Sunrisers Hyderabad,field,Kolkata Knight Riders,Eden Gardens,Kolkata Knight Riders,Sunrisers Hyderabad
14,2017-04-15,Delhi Daredevils,Kings XI Punjab,Delhi Daredevils,bat,Delhi Daredevils,Feroz Shah Kotla,Delhi Daredevils,Kings XI Punjab
17,2017-04-17,Delhi Daredevils,Kolkata Knight Riders,Delhi Daredevils,bat,Kolkata Knight Riders,Feroz Shah Kotla,Delhi Daredevils,Kolkata Knight Riders
18,2017-04-17,Sunrisers Hyderabad,Kings XI Punjab,Kings XI Punjab,field,Sunrisers Hyderabad,"Rajiv Gandhi International Stadium, Uppal",Sunrisers Hyderabad,Kings XI Punjab
20,2017-04-19,Sunrisers Hyderabad,Delhi Daredevils,Sunrisers Hyderabad,bat,Sunrisers Hyderabad,"Rajiv Gandhi International Stadium, Uppal",Sunrisers Hyderabad,Delhi Daredevils
21,2017-04-20,Kings XI Punjab,Mumbai Indians,Mumbai Indians,field,Mumbai Indians,Holkar Cricket Stadium,Kings XI Punjab,Mumbai Indians
23,2017-04-22,Mumbai Indians,Delhi Daredevils,Delhi Daredevils,field,Mumbai Indians,Wankhede Stadium,Mumbai Indians,Delhi Daredevils
26,2017-04-23,Kolkata Knight Riders,Royal Challengers Bangalore,Royal Challengers Bangalore,field,Kolkata Knight Riders,Eden Gardens,Kolkata Knight Riders,Royal Challengers Bangalore
30,2017-04-28,Delhi Daredevils,Kolkata Knight Riders,Kolkata Knight Riders,field,Kolkata Knight Riders,Eden Gardens,Delhi Daredevils,Kolkata Knight Riders
31,2017-04-28,Sunrisers Hyderabad,Kings XI Punjab,Kings XI Punjab,field,Sunrisers Hyderabad,"Punjab Cricket Association IS Bindra Stadium, Mohali",Sunrisers Hyderabad,Kings XI Punjab
34,2017-04-30,Delhi Daredevils,Kings XI Punjab,Kings XI Punjab,field,Kings XI Punjab,"Punjab Cricket Association IS Bindra Stadium, Mohali",Delhi Daredevils,Kings XI Punjab
35,2017-04-30,Sunrisers Hyderabad,Kolkata Knight Riders,Kolkata Knight Riders,field,Sunrisers Hyderabad,"Rajiv Gandhi International Stadium, Uppal",Sunrisers Hyderabad,Kolkata Knight Riders
36,2017-05-01,Royal Challengers Bangalore,Mumbai Indians,Royal Challengers Bangalore,bat,Mumbai Indians,Wankhede Stadium,Royal Challengers Bangalore,Mumbai Indians
38,2017-05-02,Sunrisers Hyderabad,Delhi Daredevils,Delhi Daredevils,field,Delhi Daredevils,Feroz Shah Kotla,Sunrisers Hyderabad,Delhi Daredevils
41,2017-05-05,Kings XI Punjab,Royal Challengers Bangalore,Royal Challengers Bangalore,field,Kings XI Punjab,M Chinnaswamy Stadium,Kings XI Punjab,Royal Challengers Bangalore
43,2017-05-06,Mumbai Indians,Delhi Daredevils,Delhi Daredevils,field,Mumbai Indians,Feroz Shah Kotla,Mumbai Indians,Delhi Daredevils
44,2017-05-07,Royal Challengers Bangalore,Kolkata Knight Riders,Kolkata Knight Riders,field,Kolkata Knight Riders,M Chinnaswamy Stadium,Royal Challengers Bangalore,Kolkata Knight Riders
46,2017-05-08,Mumbai Indians,Sunrisers Hyderabad,Mumbai Indians,bat,Sunrisers Hyderabad,"Rajiv Gandhi International Stadium, Uppal",Mumbai Indians,Sunrisers Hyderabad
47,2017-05-09,Kings XI Punjab,Kolkata Knight Riders,Kolkata Knight Riders,field,Kings XI Punjab,"Punjab Cricket Association IS Bindra Stadium, Mohali",Kings XI Punjab,Kolkata Knight Riders
49,2017-05-11,Kings XI Punjab,Mumbai Indians,Mumbai Indians,field,Kings XI Punjab,Wankhede Stadium,Kings XI Punjab,Mumbai Indians
52,2017-05-13,Mumbai Indians,Kolkata Knight Riders,Kolkata Knight Riders,field,Mumbai Indians,Eden Gardens,Mumbai Indians,Kolkata Knight Riders
54,2017-05-14,Royal Challengers Bangalore,Delhi Daredevils,Royal Challengers Bangalore,bat,Royal Challengers Bangalore,Feroz Shah Kotla,Royal Challengers Bangalore,Delhi Daredevils
56,2017-05-17,Sunrisers Hyderabad,Kolkata Knight Riders,Kolkata Knight Riders,field,Kolkata Knight Riders,M Chinnaswamy Stadium,Sunrisers Hyderabad,Kolkata Knight Riders
57,2017-05-19,Kolkata Knight Riders,Mumbai Indians,Mumbai Indians,field,Mumbai Indians,M Chinnaswamy Stadium,Kolkata Knight Riders,Mumbai Indians
59,2008-04-18,Kolkata Knight Riders,Royal Challengers Bangalore,Royal Challengers Bangalore,field,Kolkata Knight Riders,M Chinnaswamy Stadium,Kolkata Knight Riders,Royal Challengers Bangalore
60,2008-04-19,Chennai Super Kings,Kings XI Punjab,Chennai Super Kings,bat,Chennai Super Kings,"Punjab Cricket Association Stadium, Mohali",Chennai Super Kings,Kings XI Punjab
61,2008-04-19,Rajasthan Royals,Delhi Daredevils,Rajasthan Royals,bat,Delhi Daredevils,Feroz Shah Kotla,Rajasthan Royals,Delhi Daredevils
62,2008-04-20,Mumbai Indians,Royal Challengers Bangalore,Mumbai Indians,bat,Royal Challengers Bangalore,Wankhede Stadium,Mumbai Indians,Royal Challengers Bangalore
64,2008-04-21,Kings XI Punjab,Rajasthan Royals,Kings XI Punjab,bat,Rajasthan Royals,Sawai Mansingh Stadium,Kings XI Punjab,Rajasthan Royals
66,2008-04-23,Chennai Super Kings,Mumbai Indians,Mumbai Indians,field,Chennai Super Kings,"MA Chidambaram Stadium, Chepauk",Chennai Super Kings,Mumbai Indians
68,2008-04-25,Kings XI Punjab,Mumbai Indians,Mumbai Indians,field,Kings XI Punjab,"Punjab Cricket Association Stadium, Mohali",Kings XI Punjab,Mumbai Indians
69,2008-04-26,Royal Challengers Bangalore,Rajasthan Royals,Rajasthan Royals,field,Rajasthan Royals,M Chinnaswamy Stadium,Royal Challengers Bangalore,Rajasthan Royals
70,2008-04-26,Kolkata Knight Riders,Chennai Super Kings,Kolkata Knight Riders,bat,Chennai Super Kings,"MA Chidambaram Stadium, Chepauk",Kolkata Knight Riders,Chennai Super Kings
72,2008-04-27,Delhi Daredevils,Kings XI Punjab,Delhi Daredevils,bat,Kings XI Punjab,"Punjab Cricket Association Stadium, Mohali",Delhi Daredevils,Kings XI Punjab
73,2008-04-28,Chennai Super Kings,Royal Challengers Bangalore,Chennai Super Kings,bat,Chennai Super Kings,M Chinnaswamy Stadium,Chennai Super Kings,Royal Challengers Bangalore
74,2008-04-29,Kolkata Knight Riders,Mumbai Indians,Kolkata Knight Riders,bat,Mumbai Indians,Eden Gardens,Kolkata Knight Riders,Mumbai Indians
75,2008-04-30,Delhi Daredevils,Royal Challengers Bangalore,Royal Challengers Bangalore,field,Delhi Daredevils,Feroz Shah Kotla,Delhi Daredevils,Royal Challengers Bangalore
77,2008-05-01,Rajasthan Royals,Kolkata Knight Riders,Rajasthan Royals,bat,Rajasthan Royals,Sawai Mansingh Stadium,Rajasthan Royals,Kolkata Knight Riders
78,2008-05-02,Chennai Super Kings,Delhi Daredevils,Chennai Super Kings,bat,Delhi Daredevils,"MA Chidambaram Stadium, Chepauk",Chennai Super Kings,Delhi Daredevils
80,2008-05-03,Kings XI Punjab,Kolkata Knight Riders,Kings XI Punjab,bat,Kings XI Punjab,"Punjab Cricket Association Stadium, Mohali",Kings XI Punjab,Kolkata Knight Riders
81,2008-05-04,Mumbai Indians,Delhi Daredevils,Delhi Daredevils,field,Mumbai Indians,Dr DY Patil Sports Academy,Mumbai Indians,Delhi Daredevils
82,2008-05-04,Chennai Super Kings,Rajasthan Royals,Chennai Super Kings,bat,Rajasthan Royals,Sawai Mansingh Stadium,Chennai Super Kings,Rajasthan Royals
83,2008-05-05,Royal Challengers Bangalore,Kings XI Punjab,Kings XI Punjab,field,Kings XI Punjab,M Chinnaswamy Stadium,Royal Challengers Bangalore,Kings XI Punjab
85,2008-05-07,Rajasthan Royals,Mumbai Indians,Mumbai Indians,field,Mumbai Indians,Dr DY Patil Sports Academy,Rajasthan Royals,Mumbai Indians
86,2008-05-08,Delhi Daredevils,Chennai Super Kings,Chennai Super Kings,field,Chennai Super Kings,Feroz Shah Kotla,Delhi Daredevils,Chennai Super Kings
87,2008-05-08,Kolkata Knight Riders,Royal Challengers Bangalore,Kolkata Knight Riders,bat,Kolkata Knight Riders,Eden Gardens,Kolkata Knight Riders,Royal Challengers Bangalore
89,2008-05-28,Royal Challengers Bangalore,Mumbai Indians,Mumbai Indians,field,Mumbai Indians,M Chinnaswamy Stadium,Royal Challengers Bangalore,Mumbai Indians
90,2008-05-10,Chennai Super Kings,Kings XI Punjab,Kings XI Punjab,field,Chennai Super Kings,"MA Chidambaram Stadium, Chepauk",Chennai Super Kings,Kings XI Punjab
92,2008-05-11,Delhi Daredevils,Rajasthan Royals,Rajasthan Royals,field,Rajasthan Royals,Sawai Mansingh Stadium,Delhi Daredevils,Rajasthan Royals
93,2008-05-12,Royal Challengers Bangalore,Kings XI Punjab,Royal Challengers Bangalore,bat,Kings XI Punjab,"Punjab Cricket Association Stadium, Mohali",Royal Challengers Bangalore,Kings XI Punjab
94,2008-05-13,Kolkata Knight Riders,Delhi Daredevils,Kolkata Knight Riders,bat,Kolkata Knight Riders,Eden Gardens,Kolkata Knight Riders,Delhi Daredevils
95,2008-05-14,Chennai Super Kings,Mumbai Indians,Mumbai Indians,field,Mumbai Indians,Wankhede Stadium,Chennai Super Kings,Mumbai Indians
96,2008-05-28,Kings XI Punjab,Rajasthan Royals,Rajasthan Royals,field,Kings XI Punjab,"Punjab Cricket Association Stadium, Mohali",Kings XI Punjab,Rajasthan Royals
98,2008-05-16,Kolkata Knight Riders,Mumbai Indians,Mumbai Indians,field,Mumbai Indians,Wankhede Stadium,Kolkata Knight Riders,Mumbai Indians
99,2008-05-17,Delhi Daredevils,Kings XI Punjab,Delhi Daredevils,bat,Kings XI Punjab,Feroz Shah Kotla,Delhi Daredevils,Kings XI Punjab
100,2008-05-17,Rajasthan Royals,Royal Challengers Bangalore,Royal Challengers Bangalore,field,Rajasthan Royals,Sawai Mansingh Stadium,Rajasthan Royals,Royal Challengers Bangalore
102,2008-05-18,Kolkata Knight Riders,Chennai Super Kings,Kolkata Knight Riders,bat,Chennai Super Kings,Eden Gardens,Kolkata Knight Riders,Chennai Super Kings
103,2008-05-19,Royal Challengers Bangalore,Delhi Daredevils,Delhi Daredevils,field,Delhi Daredevils,M Chinnaswamy Stadium,Royal Challengers Bangalore,Delhi Daredevils
104,2008-05-20,Kolkata Knight Riders,Rajasthan Royals,Rajasthan Royals,field,Rajasthan Royals,Eden Gardens,Kolkata Knight Riders,Rajasthan Royals
105,2008-05-21,Kings XI Punjab,Mumbai Indians,Mumbai Indians,field,Kings XI Punjab,Wankhede Stadium,Kings XI Punjab,Mumbai Indians
106,2008-05-21,Royal Challengers Bangalore,Chennai Super Kings,Royal Challengers Bangalore,bat,Royal Challengers Bangalore,"MA Chidambaram Stadium, Chepauk",Royal Challengers Bangalore,Chennai Super Kings
108,2008-05-24,Mumbai Indians,Delhi Daredevils,Delhi Daredevils,field,Delhi Daredevils,Feroz Shah Kotla,Mumbai Indians,Delhi Daredevils
109,2008-05-24,Rajasthan Royals,Chennai Super Kings,Rajasthan Royals,bat,Rajasthan Royals,"MA Chidambaram Stadium, Chepauk",Rajasthan Royals,Chennai Super Kings
111,2008-05-25,Kings XI Punjab,Kolkata Knight Riders,Kings XI Punjab,bat,Kolkata Knight Riders,Eden Gardens,Kings XI Punjab,Kolkata Knight Riders
112,2008-05-26,Mumbai Indians,Rajasthan Royals,Rajasthan Royals,field,Rajasthan Royals,Sawai Mansingh Stadium,Mumbai Indians,Rajasthan Royals
114,2008-05-30,Rajasthan Royals,Delhi Daredevils,Delhi Daredevils,field,Rajasthan Royals,Wankhede Stadium,Rajasthan Royals,Delhi Daredevils
115,2008-05-31,Kings XI Punjab,Chennai Super Kings,Kings XI Punjab,bat,Chennai Super Kings,Wankhede Stadium,Kings XI Punjab,Chennai Super Kings
116,2008-06-01,Chennai Super Kings,Rajasthan Royals,Rajasthan Royals,field,Rajasthan Royals,Dr DY Patil Sports Academy,Chennai Super Kings,Rajasthan Royals
117,2009-04-18,Mumbai Indians,Chennai Super Kings,Chennai Super Kings,field,Mumbai Indians,Newlands,Mumbai Indians,Chennai Super Kings
118,2009-04-18,Royal Challengers Bangalore,Rajasthan Royals,Royal Challengers Bangalore,bat,Royal Challengers Bangalore,Newlands,Royal Challengers Bangalore,Rajasthan Royals
119,2009-04-19,Kings XI Punjab,Delhi Daredevils,Delhi Daredevils,field,Delhi Daredevils,Newlands,Kings XI Punjab,Delhi Daredevils
121,2009-04-20,Chennai Super Kings,Royal Challengers Bangalore,Chennai Super Kings,bat,Chennai Super Kings,St George's Park,Chennai Super Kings,Royal Challengers Bangalore
122,2009-04-21,Kings XI Punjab,Kolkata Knight Riders,Kolkata Knight Riders,field,Kolkata Knight Riders,Kingsmead,Kings XI Punjab,Kolkata Knight Riders
124,2009-04-23,Delhi Daredevils,Chennai Super Kings,Delhi Daredevils,bat,Delhi Daredevils,Kingsmead,Delhi Daredevils,Chennai Super Kings
125,2009-04-23,Rajasthan Royals,Kolkata Knight Riders,Kolkata Knight Riders,field,Rajasthan Royals,Newlands,Rajasthan Royals,Kolkata Knight Riders
126,2009-04-24,Royal Challengers Bangalore,Kings XI Punjab,Royal Challengers Bangalore,bat,Kings XI Punjab,Kingsmead,Royal Challengers Bangalore,Kings XI Punjab
128,2009-04-26,Royal Challengers Bangalore,Delhi Daredevils,Royal Challengers Bangalore,bat,Delhi Daredevils,St George's Park,Royal Challengers Bangalore,Delhi Daredevils
129,2009-04-26,Kings XI Punjab,Rajasthan Royals,Kings XI Punjab,bat,Kings XI Punjab,Newlands,Kings XI Punjab,Rajasthan Royals
131,2009-04-27,Mumbai Indians,Kolkata Knight Riders,Mumbai Indians,bat,Mumbai Indians,St George's Park,Mumbai Indians,Kolkata Knight Riders
132,2009-04-28,Delhi Daredevils,Rajasthan Royals,Delhi Daredevils,bat,Rajasthan Royals,SuperSport Park,Delhi Daredevils,Rajasthan Royals
133,2009-04-29,Kolkata Knight Riders,Royal Challengers Bangalore,Kolkata Knight Riders,bat,Royal Challengers Bangalore,Kingsmead,Kolkata Knight Riders,Royal Challengers Bangalore
134,2009-04-29,Kings XI Punjab,Mumbai Indians,Kings XI Punjab,bat,Kings XI Punjab,Kingsmead,Kings XI Punjab,Mumbai Indians
136,2009-04-30,Chennai Super Kings,Rajasthan Royals,Rajasthan Royals,field,Chennai Super Kings,SuperSport Park,Chennai Super Kings,Rajasthan Royals
137,2009-05-01,Mumbai Indians,Kolkata Knight Riders,Mumbai Indians,bat,Mumbai Indians,Buffalo Park,Mumbai Indians,Kolkata Knight Riders
138,2009-05-01,Royal Challengers Bangalore,Kings XI Punjab,Royal Challengers Bangalore,bat,Royal Challengers Bangalore,Kingsmead,Royal Challengers Bangalore,Kings XI Punjab
140,2009-05-02,Chennai Super Kings,Delhi Daredevils,Delhi Daredevils,field,Chennai Super Kings,New Wanderers Stadium,Chennai Super Kings,Delhi Daredevils
141,2009-05-03,Kolkata Knight Riders,Kings XI Punjab,Kolkata Knight Riders,bat,Kings XI Punjab,St George's Park,Kolkata Knight Riders,Kings XI Punjab
142,2009-05-03,Mumbai Indians,Royal Challengers Bangalore,Mumbai Indians,bat,Royal Challengers Bangalore,New Wanderers Stadium,Mumbai Indians,Royal Challengers Bangalore
144,2009-05-05,Rajasthan Royals,Kings XI Punjab,Kings XI Punjab,field,Rajasthan Royals,Kingsmead,Rajasthan Royals,Kings XI Punjab
145,2009-05-05,Kolkata Knight Riders,Delhi Daredevils,Kolkata Knight Riders,bat,Delhi Daredevils,Kingsmead,Kolkata Knight Riders,Delhi Daredevils
147,2009-05-07,Royal Challengers Bangalore,Rajasthan Royals,Rajasthan Royals,field,Rajasthan Royals,SuperSport Park,Royal Challengers Bangalore,Rajasthan Royals
148,2009-05-07,Chennai Super Kings,Kings XI Punjab,Chennai Super Kings,bat,Chennai Super Kings,SuperSport Park,Chennai Super Kings,Kings XI Punjab
149,2009-05-08,Mumbai Indians,Delhi Daredevils,Mumbai Indians,bat,Delhi Daredevils,Buffalo Park,Mumbai Indians,Delhi Daredevils
151,2009-05-09,Rajasthan Royals,Chennai Super Kings,Rajasthan Royals,bat,Chennai Super Kings,De Beers Diamond Oval,Rajasthan Royals,Chennai Super Kings
152,2009-05-10,Mumbai Indians,Royal Challengers Bangalore,Mumbai Indians,bat,Mumbai Indians,St George's Park,Mumbai Indians,Royal Challengers Bangalore
153,2009-05-10,Kolkata Knight Riders,Delhi Daredevils,Delhi Daredevils,field,Delhi Daredevils,New Wanderers Stadium,Kolkata Knight Riders,Delhi Daredevils
155,2009-05-12,Kolkata Knight Riders,Royal Challengers Bangalore,Royal Challengers Bangalore,field,Royal Challengers Bangalore,SuperSport Park,Kolkata Knight Riders,Royal Challengers Bangalore
156,2009-05-12,Kings XI Punjab,Mumbai Indians,Kings XI Punjab,bat,Mumbai Indians,SuperSport Park,Kings XI Punjab,Mumbai Indians
158,2009-05-14,Chennai Super Kings,Royal Challengers Bangalore,Chennai Super Kings,bat,Royal Challengers Bangalore,Kingsmead,Chennai Super Kings,Royal Challengers Bangalore
159,2009-05-14,Rajasthan Royals,Mumbai Indians,Rajasthan Royals,bat,Rajasthan Royals,Kingsmead,Rajasthan Royals,Mumbai Indians
160,2009-05-15,Delhi Daredevils,Kings XI Punjab,Kings XI Punjab,field,Kings XI Punjab,OUTsurance Oval,Delhi Daredevils,Kings XI Punjab
161,2009-05-16,Mumbai Indians,Chennai Super Kings,Mumbai Indians,bat,Chennai Super Kings,St George's Park,Mumbai Indians,Chennai Super Kings
164,2009-05-17,Delhi Daredevils,Rajasthan Royals,Delhi Daredevils,bat,Delhi Daredevils,OUTsurance Oval,Delhi Daredevils,Rajasthan Royals
165,2009-05-18,Chennai Super Kings,Kolkata Knight Riders,Chennai Super Kings,bat,Kolkata Knight Riders,SuperSport Park,Chennai Super Kings,Kolkata Knight Riders
166,2009-05-19,Delhi Daredevils,Royal Challengers Bangalore,Delhi Daredevils,bat,Royal Challengers Bangalore,New Wanderers Stadium,Delhi Daredevils,Royal Challengers Bangalore
167,2009-05-20,Rajasthan Royals,Kolkata Knight Riders,Kolkata Knight Riders,field,Kolkata Knight Riders,Kingsmead,Rajasthan Royals,Kolkata Knight Riders
168,2009-05-20,Chennai Super Kings,Kings XI Punjab,Chennai Super Kings,bat,Chennai Super Kings,Kingsmead,Chennai Super Kings,Kings XI Punjab
169,2009-05-21,Mumbai Indians,Delhi Daredevils,Delhi Daredevils,field,Delhi Daredevils,SuperSport Park,Mumbai Indians,Delhi Daredevils
172,2009-05-23,Chennai Super Kings,Royal Challengers Bangalore,Royal Challengers Bangalore,field,Royal Challengers Bangalore,New Wanderers Stadium,Chennai Super Kings,Royal Challengers Bangalore
175,2010-03-13,Mumbai Indians,Rajasthan Royals,Mumbai Indians,bat,Mumbai Indians,Brabourne Stadium,Mumbai Indians,Rajasthan Royals
176,2010-03-13,Kings XI Punjab,Delhi Daredevils,Delhi Daredevils,field,Delhi Daredevils,"Punjab Cricket Association Stadium, Mohali",Kings XI Punjab,Delhi Daredevils
177,2010-03-14,Royal Challengers Bangalore,Kolkata Knight Riders,Kolkata Knight Riders,field,Kolkata Knight Riders,Eden Gardens,Royal Challengers Bangalore,Kolkata Knight Riders
179,2010-03-15,Rajasthan Royals,Delhi Daredevils,Delhi Daredevils,field,Delhi Daredevils,"Sardar Patel Stadium, Motera",Rajasthan Royals,Delhi Daredevils
180,2010-03-16,Kings XI Punjab,Royal Challengers Bangalore,Kings XI Punjab,bat,Royal Challengers Bangalore,M Chinnaswamy Stadium,Kings XI Punjab,Royal Challengers Bangalore
181,2010-03-16,Chennai Super Kings,Kolkata Knight Riders,Chennai Super Kings,bat,Chennai Super Kings,Eden Gardens,Chennai Super Kings,Kolkata Knight Riders
182,2010-03-17,Mumbai Indians,Delhi Daredevils,Delhi Daredevils,field,Mumbai Indians,Feroz Shah Kotla,Mumbai Indians,Delhi Daredevils
183,2010-03-18,Rajasthan Royals,Royal Challengers Bangalore,Royal Challengers Bangalore,field,Royal Challengers Bangalore,M Chinnaswamy Stadium,Rajasthan Royals,Royal Challengers Bangalore
184,2010-03-19,Delhi Daredevils,Chennai Super Kings,Delhi Daredevils,bat,Chennai Super Kings,Feroz Shah Kotla,Delhi Daredevils,Chennai Super Kings
186,2010-03-20,Rajasthan Royals,Kolkata Knight Riders,Rajasthan Royals,bat,Rajasthan Royals,"Sardar Patel Stadium, Motera",Rajasthan Royals,Kolkata Knight Riders
187,2010-03-20,Mumbai Indians,Royal Challengers Bangalore,Mumbai Indians,bat,Royal Challengers Bangalore,Brabourne Stadium,Mumbai Indians,Royal Challengers Bangalore
189,2010-03-21,Kings XI Punjab,Chennai Super Kings,Chennai Super Kings,field,Kings XI Punjab,"MA Chidambaram Stadium, Chepauk",Kings XI Punjab,Chennai Super Kings
190,2010-03-22,Kolkata Knight Riders,Mumbai Indians,Kolkata Knight Riders,bat,Mumbai Indians,Brabourne Stadium,Kolkata Knight Riders,Mumbai Indians
191,2010-03-23,Royal Challengers Bangalore,Chennai Super Kings,Chennai Super Kings,field,Royal Challengers Bangalore,M Chinnaswamy Stadium,Royal Challengers Bangalore,Chennai Super Kings
192,2010-03-24,Rajasthan Royals,Kings XI Punjab,Kings XI Punjab,field,Rajasthan Royals,"Punjab Cricket Association Stadium, Mohali",Rajasthan Royals,Kings XI Punjab
193,2010-03-25,Chennai Super Kings,Mumbai Indians,Mumbai Indians,field,Mumbai Indians,Brabourne Stadium,Chennai Super Kings,Mumbai Indians
195,2010-03-27,Kolkata Knight Riders,Kings XI Punjab,Kolkata Knight Riders,bat,Kolkata Knight Riders,"Punjab Cricket Association Stadium, Mohali",Kolkata Knight Riders,Kings XI Punjab
196,2010-03-25,Delhi Daredevils,Royal Challengers Bangalore,Royal Challengers Bangalore,field,Delhi Daredevils,M Chinnaswamy Stadium,Delhi Daredevils,Royal Challengers Bangalore
197,2010-03-28,Rajasthan Royals,Chennai Super Kings,Rajasthan Royals,bat,Rajasthan Royals,"Sardar Patel Stadium, Motera",Rajasthan Royals,Chennai Super Kings
199,2010-03-29,Delhi Daredevils,Kolkata Knight Riders,Delhi Daredevils,bat,Delhi Daredevils,Feroz Shah Kotla,Delhi Daredevils,Kolkata Knight Riders
200,2010-03-30,Kings XI Punjab,Mumbai Indians,Mumbai Indians,field,Mumbai Indians,Brabourne Stadium,Kings XI Punjab,Mumbai Indians
201,2010-03-31,Royal Challengers Bangalore,Chennai Super Kings,Royal Challengers Bangalore,bat,Chennai Super Kings,"MA Chidambaram Stadium, Chepauk",Royal Challengers Bangalore,Chennai Super Kings
202,2010-03-31,Delhi Daredevils,Rajasthan Royals,Delhi Daredevils,bat,Delhi Daredevils,Feroz Shah Kotla,Delhi Daredevils,Rajasthan Royals
204,2010-04-02,Kings XI Punjab,Royal Challengers Bangalore,Kings XI Punjab,bat,Royal Challengers Bangalore,"Punjab Cricket Association Stadium, Mohali",Kings XI Punjab,Royal Challengers Bangalore
205,2010-04-03,Chennai Super Kings,Rajasthan Royals,Chennai Super Kings,bat,Chennai Super Kings,"MA Chidambaram Stadium, Chepauk",Chennai Super Kings,Rajasthan Royals
207,2010-04-04,Kolkata Knight Riders,Kings XI Punjab,Kolkata Knight Riders,bat,Kings XI Punjab,Eden Gardens,Kolkata Knight Riders,Kings XI Punjab
208,2010-04-04,Delhi Daredevils,Royal Challengers Bangalore,Delhi Daredevils,bat,Delhi Daredevils,Feroz Shah Kotla,Delhi Daredevils,Royal Challengers Bangalore
210,2010-04-06,Chennai Super Kings,Mumbai Indians,Chennai Super Kings,bat,Chennai Super Kings,"MA Chidambaram Stadium, Chepauk",Chennai Super Kings,Mumbai Indians
211,2010-04-07,Kings XI Punjab,Rajasthan Royals,Kings XI Punjab,bat,Rajasthan Royals,Sawai Mansingh Stadium,Kings XI Punjab,Rajasthan Royals
212,2010-04-07,Kolkata Knight Riders,Delhi Daredevils,Kolkata Knight Riders,bat,Kolkata Knight Riders,Eden Gardens,Kolkata Knight Riders,Delhi Daredevils
214,2010-04-09,Mumbai Indians,Kings XI Punjab,Mumbai Indians,bat,Kings XI Punjab,"Punjab Cricket Association Stadium, Mohali",Mumbai Indians,Kings XI Punjab
216,2010-04-10,Kolkata Knight Riders,Royal Challengers Bangalore,Royal Challengers Bangalore,field,Royal Challengers Bangalore,M Chinnaswamy Stadium,Kolkata Knight Riders,Royal Challengers Bangalore
217,2010-04-11,Delhi Daredevils,Kings XI Punjab,Delhi Daredevils,bat,Kings XI Punjab,Feroz Shah Kotla,Delhi Daredevils,Kings XI Punjab
218,2010-04-11,Mumbai Indians,Rajasthan Royals,Rajasthan Royals,field,Mumbai Indians,Sawai Mansingh Stadium,Mumbai Indians,Rajasthan Royals
220,2010-04-13,Mumbai Indians,Delhi Daredevils,Mumbai Indians,bat,Mumbai Indians,Brabourne Stadium,Mumbai Indians,Delhi Daredevils
221,2010-04-13,Kolkata Knight Riders,Chennai Super Kings,Kolkata Knight Riders,bat,Chennai Super Kings,"MA Chidambaram Stadium, Chepauk",Kolkata Knight Riders,Chennai Super Kings
222,2010-04-14,Rajasthan Royals,Royal Challengers Bangalore,Rajasthan Royals,bat,Royal Challengers Bangalore,Sawai Mansingh Stadium,Rajasthan Royals,Royal Challengers Bangalore
223,2010-04-15,Chennai Super Kings,Delhi Daredevils,Chennai Super Kings,bat,Delhi Daredevils,"MA Chidambaram Stadium, Chepauk",Chennai Super Kings,Delhi Daredevils
225,2010-04-17,Mumbai Indians,Royal Challengers Bangalore,Royal Challengers Bangalore,field,Mumbai Indians,M Chinnaswamy Stadium,Mumbai Indians,Royal Challengers Bangalore
226,2010-04-17,Rajasthan Royals,Kolkata Knight Riders,Rajasthan Royals,bat,Kolkata Knight Riders,Eden Gardens,Rajasthan Royals,Kolkata Knight Riders
227,2010-04-18,Kings XI Punjab,Chennai Super Kings,Chennai Super Kings,field,Chennai Super Kings,Himachal Pradesh Cricket Association Stadium,Kings XI Punjab,Chennai Super Kings
229,2010-04-19,Mumbai Indians,Kolkata Knight Riders,Mumbai Indians,bat,Kolkata Knight Riders,Eden Gardens,Mumbai Indians,Kolkata Knight Riders
230,2010-04-21,Mumbai Indians,Royal Challengers Bangalore,Mumbai Indians,bat,Mumbai Indians,Dr DY Patil Sports Academy,Mumbai Indians,Royal Challengers Bangalore
233,2010-04-25,Chennai Super Kings,Mumbai Indians,Chennai Super Kings,bat,Chennai Super Kings,Dr DY Patil Sports Academy,Chennai Super Kings,Mumbai Indians
234,2011-04-08,Chennai Super Kings,Kolkata Knight Riders,Chennai Super Kings,bat,Chennai Super Kings,"MA Chidambaram Stadium, Chepauk",Chennai Super Kings,Kolkata Knight Riders
237,2011-04-10,Delhi Daredevils,Mumbai Indians,Delhi Daredevils,bat,Mumbai Indians,Feroz Shah Kotla,Delhi Daredevils,Mumbai Indians
240,2011-04-12,Delhi Daredevils,Rajasthan Royals,Delhi Daredevils,bat,Rajasthan Royals,Sawai Mansingh Stadium,Delhi Daredevils,Rajasthan Royals
241,2011-04-12,Royal Challengers Bangalore,Mumbai Indians,Mumbai Indians,field,Mumbai Indians,M Chinnaswamy Stadium,Royal Challengers Bangalore,Mumbai Indians
242,2011-04-13,Chennai Super Kings,Kings XI Punjab,Kings XI Punjab,field,Kings XI Punjab,"Punjab Cricket Association Stadium, Mohali",Chennai Super Kings,Kings XI Punjab
245,2011-04-15,Rajasthan Royals,Kolkata Knight Riders,Kolkata Knight Riders,field,Kolkata Knight Riders,Sawai Mansingh Stadium,Rajasthan Royals,Kolkata Knight Riders
247,2011-04-16,Chennai Super Kings,Royal Challengers Bangalore,Chennai Super Kings,bat,Chennai Super Kings,"MA Chidambaram Stadium, Chepauk",Chennai Super Kings,Royal Challengers Bangalore
250,2011-04-17,Rajasthan Royals,Kolkata Knight Riders,Kolkata Knight Riders,field,Kolkata Knight Riders,Eden Gardens,Rajasthan Royals,Kolkata Knight Riders
255,2011-04-21,Kings XI Punjab,Rajasthan Royals,Rajasthan Royals,field,Kings XI Punjab,"Punjab Cricket Association Stadium, Mohali",Kings XI Punjab,Rajasthan Royals
256,2011-04-22,Mumbai Indians,Chennai Super Kings,Chennai Super Kings,field,Mumbai Indians,Wankhede Stadium,Mumbai Indians,Chennai Super Kings
257,2011-04-22,Kolkata Knight Riders,Royal Challengers Bangalore,Royal Challengers Bangalore,field,Royal Challengers Bangalore,Eden Gardens,Kolkata Knight Riders,Royal Challengers Bangalore
258,2011-04-23,Delhi Daredevils,Kings XI Punjab,Kings XI Punjab,field,Delhi Daredevils,Feroz Shah Kotla,Delhi Daredevils,Kings XI Punjab
262,2011-04-26,Delhi Daredevils,Royal Challengers Bangalore,Royal Challengers Bangalore,field,Royal Challengers Bangalore,Feroz Shah Kotla,Delhi Daredevils,Royal Challengers Bangalore
265,2011-04-28,Kolkata Knight Riders,Delhi Daredevils,Delhi Daredevils,field,Kolkata Knight Riders,Feroz Shah Kotla,Kolkata Knight Riders,Delhi Daredevils
266,2011-04-29,Mumbai Indians,Rajasthan Royals,Rajasthan Royals,field,Rajasthan Royals,Sawai Mansingh Stadium,Mumbai Indians,Rajasthan Royals
269,2011-04-30,Kings XI Punjab,Kolkata Knight Riders,Kolkata Knight Riders,field,Kolkata Knight Riders,Eden Gardens,Kings XI Punjab,Kolkata Knight Riders
272,2011-05-02,Mumbai Indians,Kings XI Punjab,Kings XI Punjab,field,Mumbai Indians,Wankhede Stadium,Mumbai Indians,Kings XI Punjab
275,2011-05-04,Rajasthan Royals,Chennai Super Kings,Rajasthan Royals,bat,Chennai Super Kings,"MA Chidambaram Stadium, Chepauk",Rajasthan Royals,Chennai Super Kings
279,2011-05-06,Royal Challengers Bangalore,Kings XI Punjab,Kings XI Punjab,field,Royal Challengers Bangalore,M Chinnaswamy Stadium,Royal Challengers Bangalore,Kings XI Punjab
280,2011-05-07,Chennai Super Kings,Kolkata Knight Riders,Chennai Super Kings,bat,Kolkata Knight Riders,Eden Gardens,Chennai Super Kings,Kolkata Knight Riders
281,2011-05-07,Mumbai Indians,Delhi Daredevils,Delhi Daredevils,field,Mumbai Indians,Wankhede Stadium,Mumbai Indians,Delhi Daredevils
284,2011-05-09,Chennai Super Kings,Rajasthan Royals,Rajasthan Royals,field,Chennai Super Kings,Sawai Mansingh Stadium,Chennai Super Kings,Rajasthan Royals
286,2011-05-10,Kings XI Punjab,Mumbai Indians,Mumbai Indians,field,Kings XI Punjab,"Punjab Cricket Association Stadium, Mohali",Kings XI Punjab,Mumbai Indians
287,2011-05-11,Rajasthan Royals,Royal Challengers Bangalore,Royal Challengers Bangalore,field,Royal Challengers Bangalore,Sawai Mansingh Stadium,Rajasthan Royals,Royal Challengers Bangalore
288,2011-05-12,Chennai Super Kings,Delhi Daredevils,Chennai Super Kings,bat,Chennai Super Kings,"MA Chidambaram Stadium, Chepauk",Chennai Super Kings,Delhi Daredevils
290,2011-05-14,Kolkata Knight Riders,Royal Challengers Bangalore,Royal Challengers Bangalore,field,Royal Challengers Bangalore,M Chinnaswamy Stadium,Kolkata Knight Riders,Royal Challengers Bangalore
292,2011-05-15,Kings XI Punjab,Delhi Daredevils,Delhi Daredevils,field,Kings XI Punjab,Himachal Pradesh Cricket Association Stadium,Kings XI Punjab,Delhi Daredevils
295,2011-05-17,Kings XI Punjab,Royal Challengers Bangalore,Kings XI Punjab,bat,Kings XI Punjab,Himachal Pradesh Cricket Association Stadium,Kings XI Punjab,Royal Challengers Bangalore
298,2011-05-20,Mumbai Indians,Rajasthan Royals,Mumbai Indians,bat,Rajasthan Royals,Wankhede Stadium,Mumbai Indians,Rajasthan Royals
301,2011-05-22,Chennai Super Kings,Royal Challengers Bangalore,Royal Challengers Bangalore,field,Royal Challengers Bangalore,M Chinnaswamy Stadium,Chennai Super Kings,Royal Challengers Bangalore
302,2011-05-22,Kolkata Knight Riders,Mumbai Indians,Mumbai Indians,field,Mumbai Indians,Eden Gardens,Kolkata Knight Riders,Mumbai Indians
303,2011-05-24,Royal Challengers Bangalore,Chennai Super Kings,Chennai Super Kings,field,Chennai Super Kings,Wankhede Stadium,Royal Challengers Bangalore,Chennai Super Kings
304,2011-05-25,Kolkata Knight Riders,Mumbai Indians,Mumbai Indians,field,Mumbai Indians,Wankhede Stadium,Kolkata Knight Riders,Mumbai Indians
305,2011-05-27,Royal Challengers Bangalore,Mumbai Indians,Mumbai Indians,field,Royal Challengers Bangalore,"MA Chidambaram Stadium, Chepauk",Royal Challengers Bangalore,Mumbai Indians
306,2011-05-28,Chennai Super Kings,Royal Challengers Bangalore,Chennai Super Kings,bat,Chennai Super Kings,"MA Chidambaram Stadium, Chepauk",Chennai Super Kings,Royal Challengers Bangalore
307,2012-04-04,Chennai Super Kings,Mumbai Indians,Mumbai Indians,field,Mumbai Indians,"MA Chidambaram Stadium, Chepauk",Chennai Super Kings,Mumbai Indians
308,2012-04-05,Kolkata Knight Riders,Delhi Daredevils,Delhi Daredevils,field,Delhi Daredevils,Eden Gardens,Kolkata Knight Riders,Delhi Daredevils
310,2012-04-06,Rajasthan Royals,Kings XI Punjab,Kings XI Punjab,field,Rajasthan Royals,Sawai Mansingh Stadium,Rajasthan Royals,Kings XI Punjab
311,2012-04-07,Royal Challengers Bangalore,Delhi Daredevils,Delhi Daredevils,field,Royal Challengers Bangalore,M Chinnaswamy Stadium,Royal Challengers Bangalore,Delhi Daredevils
313,2012-04-08,Rajasthan Royals,Kolkata Knight Riders,Kolkata Knight Riders,field,Rajasthan Royals,Sawai Mansingh Stadium,Rajasthan Royals,Kolkata Knight Riders
316,2012-04-10,Kolkata Knight Riders,Royal Challengers Bangalore,Royal Challengers Bangalore,field,Kolkata Knight Riders,M Chinnaswamy Stadium,Kolkata Knight Riders,Royal Challengers Bangalore
317,2012-04-10,Chennai Super Kings,Delhi Daredevils,Delhi Daredevils,field,Delhi Daredevils,Feroz Shah Kotla,Chennai Super Kings,Delhi Daredevils
318,2012-04-11,Mumbai Indians,Rajasthan Royals,Rajasthan Royals,field,Mumbai Indians,Wankhede Stadium,Mumbai Indians,Rajasthan Royals
319,2012-04-12,Royal Challengers Bangalore,Chennai Super Kings,Royal Challengers Bangalore,bat,Chennai Super Kings,"MA Chidambaram Stadium, Chepauk",Royal Challengers Bangalore,Chennai Super Kings
321,2012-04-13,Rajasthan Royals,Kolkata Knight Riders,Rajasthan Royals,bat,Kolkata Knight Riders,Eden Gardens,Rajasthan Royals,Kolkata Knight Riders
324,2012-04-15,Kings XI Punjab,Kolkata Knight Riders,Kolkata Knight Riders,field,Kings XI Punjab,Eden Gardens,Kings XI Punjab,Kolkata Knight Riders
325,2012-04-15,Rajasthan Royals,Royal Challengers Bangalore,Rajasthan Royals,bat,Rajasthan Royals,M Chinnaswamy Stadium,Rajasthan Royals,Royal Challengers Bangalore
326,2012-04-16,Mumbai Indians,Delhi Daredevils,Delhi Daredevils,field,Delhi Daredevils,Wankhede Stadium,Mumbai Indians,Delhi Daredevils
329,2012-04-18,Kings XI Punjab,Kolkata Knight Riders,Kings XI Punjab,bat,Kolkata Knight Riders,"Punjab Cricket Association Stadium, Mohali",Kings XI Punjab,Kolkata Knight Riders
332,2012-04-20,Kings XI Punjab,Royal Challengers Bangalore,Royal Challengers Bangalore,field,Royal Challengers Bangalore,"Punjab Cricket Association Stadium, Mohali",Kings XI Punjab,Royal Challengers Bangalore
333,2012-04-21,Rajasthan Royals,Chennai Super Kings,Rajasthan Royals,bat,Chennai Super Kings,"MA Chidambaram Stadium, Chepauk",Rajasthan Royals,Chennai Super Kings
335,2012-04-22,Mumbai Indians,Kings XI Punjab,Mumbai Indians,bat,Kings XI Punjab,Wankhede Stadium,Mumbai Indians,Kings XI Punjab
337,2012-04-23,Royal Challengers Bangalore,Rajasthan Royals,Rajasthan Royals,field,Royal Challengers Bangalore,Sawai Mansingh Stadium,Royal Challengers Bangalore,Rajasthan Royals
339,2012-04-25,Kings XI Punjab,Mumbai Indians,Kings XI Punjab,bat,Mumbai Indians,"Punjab Cricket Association Stadium, Mohali",Kings XI Punjab,Mumbai Indians
341,2012-04-27,Delhi Daredevils,Mumbai Indians,Mumbai Indians,field,Delhi Daredevils,Feroz Shah Kotla,Delhi Daredevils,Mumbai Indians
342,2012-04-28,Kings XI Punjab,Chennai Super Kings,Kings XI Punjab,bat,Kings XI Punjab,"MA Chidambaram Stadium, Chepauk",Kings XI Punjab,Chennai Super Kings
343,2012-04-28,Kolkata Knight Riders,Royal Challengers Bangalore,Kolkata Knight Riders,bat,Kolkata Knight Riders,Eden Gardens,Kolkata Knight Riders,Royal Challengers Bangalore
344,2012-04-29,Delhi Daredevils,Rajasthan Royals,Delhi Daredevils,bat,Delhi Daredevils,Feroz Shah Kotla,Delhi Daredevils,Rajasthan Royals
346,2012-04-30,Chennai Super Kings,Kolkata Knight Riders,Chennai Super Kings,bat,Kolkata Knight Riders,"MA Chidambaram Stadium, Chepauk",Chennai Super Kings,Kolkata Knight Riders
348,2012-05-01,Rajasthan Royals,Delhi Daredevils,Rajasthan Royals,bat,Delhi Daredevils,Sawai Mansingh Stadium,Rajasthan Royals,Delhi Daredevils
349,2012-05-02,Royal Challengers Bangalore,Kings XI Punjab,Kings XI Punjab,field,Kings XI Punjab,M Chinnaswamy Stadium,Royal Challengers Bangalore,Kings XI Punjab
353,2012-05-05,Rajasthan Royals,Kings XI Punjab,Rajasthan Royals,bat,Rajasthan Royals,"Punjab Cricket Association Stadium, Mohali",Rajasthan Royals,Kings XI Punjab
354,2012-05-06,Chennai Super Kings,Mumbai Indians,Mumbai Indians,field,Mumbai Indians,Wankhede Stadium,Chennai Super Kings,Mumbai Indians
356,2012-05-07,Delhi Daredevils,Kolkata Knight Riders,Delhi Daredevils,bat,Kolkata Knight Riders,Feroz Shah Kotla,Delhi Daredevils,Kolkata Knight Riders
359,2012-05-09,Mumbai Indians,Royal Challengers Bangalore,Royal Challengers Bangalore,field,Royal Challengers Bangalore,Wankhede Stadium,Mumbai Indians,Royal Challengers Bangalore
360,2012-05-10,Rajasthan Royals,Chennai Super Kings,Chennai Super Kings,field,Chennai Super Kings,Sawai Mansingh Stadium,Rajasthan Royals,Chennai Super Kings
362,2012-05-12,Mumbai Indians,Kolkata Knight Riders,Mumbai Indians,bat,Mumbai Indians,Eden Gardens,Mumbai Indians,Kolkata Knight Riders
363,2012-05-12,Delhi Daredevils,Chennai Super Kings,Chennai Super Kings,field,Chennai Super Kings,"MA Chidambaram Stadium, Chepauk",Delhi Daredevils,Chennai Super Kings
366,2012-05-14,Royal Challengers Bangalore,Mumbai Indians,Mumbai Indians,field,Mumbai Indians,M Chinnaswamy Stadium,Royal Challengers Bangalore,Mumbai Indians
367,2012-05-14,Kolkata Knight Riders,Chennai Super Kings,Chennai Super Kings,field,Chennai Super Kings,Eden Gardens,Kolkata Knight Riders,Chennai Super Kings
368,2012-05-15,Kings XI Punjab,Delhi Daredevils,Kings XI Punjab,bat,Delhi Daredevils,Feroz Shah Kotla,Kings XI Punjab,Delhi Daredevils
369,2012-05-16,Kolkata Knight Riders,Mumbai Indians,Mumbai Indians,field,Kolkata Knight Riders,Wankhede Stadium,Kolkata Knight Riders,Mumbai Indians
370,2012-05-17,Chennai Super Kings,Kings XI Punjab,Kings XI Punjab,field,Kings XI Punjab,Himachal Pradesh Cricket Association Stadium,Chennai Super Kings,Kings XI Punjab
371,2012-05-17,Royal Challengers Bangalore,Delhi Daredevils,Delhi Daredevils,field,Royal Challengers Bangalore,Feroz Shah Kotla,Royal Challengers Bangalore,Delhi Daredevils
373,2012-05-19,Kings XI Punjab,Delhi Daredevils,Delhi Daredevils,field,Delhi Daredevils,Himachal Pradesh Cricket Association Stadium,Kings XI Punjab,Delhi Daredevils
376,2012-05-20,Rajasthan Royals,Mumbai Indians,Rajasthan Royals,bat,Mumbai Indians,Sawai Mansingh Stadium,Rajasthan Royals,Mumbai Indians
377,2012-05-22,Kolkata Knight Riders,Delhi Daredevils,Kolkata Knight Riders,bat,Kolkata Knight Riders,Subrata Roy Sahara Stadium,Kolkata Knight Riders,Delhi Daredevils
378,2012-05-23,Chennai Super Kings,Mumbai Indians,Mumbai Indians,field,Chennai Super Kings,M Chinnaswamy Stadium,Chennai Super Kings,Mumbai Indians
379,2012-05-25,Chennai Super Kings,Delhi Daredevils,Delhi Daredevils,field,Chennai Super Kings,"MA Chidambaram Stadium, Chepauk",Chennai Super Kings,Delhi Daredevils
380,2012-05-27,Chennai Super Kings,Kolkata Knight Riders,Chennai Super Kings,bat,Kolkata Knight Riders,"MA Chidambaram Stadium, Chepauk",Chennai Super Kings,Kolkata Knight Riders
381,2013-04-03,Delhi Daredevils,Kolkata Knight Riders,Kolkata Knight Riders,field,Kolkata Knight Riders,Eden Gardens,Delhi Daredevils,Kolkata Knight Riders
382,2013-04-04,Royal Challengers Bangalore,Mumbai Indians,Mumbai Indians,field,Royal Challengers Bangalore,M Chinnaswamy Stadium,Royal Challengers Bangalore,Mumbai Indians
384,2013-04-06,Rajasthan Royals,Delhi Daredevils,Rajasthan Royals,bat,Rajasthan Royals,Feroz Shah Kotla,Rajasthan Royals,Delhi Daredevils
385,2013-04-06,Mumbai Indians,Chennai Super Kings,Mumbai Indians,bat,Mumbai Indians,"MA Chidambaram Stadium, Chepauk",Mumbai Indians,Chennai Super Kings
387,2013-04-07,Royal Challengers Bangalore,Sunrisers Hyderabad,Royal Challengers Bangalore,bat,Sunrisers Hyderabad,"Rajiv Gandhi International Stadium, Uppal",Royal Challengers Bangalore,Sunrisers Hyderabad
388,2013-04-08,Rajasthan Royals,Kolkata Knight Riders,Kolkata Knight Riders,field,Rajasthan Royals,Sawai Mansingh Stadium,Rajasthan Royals,Kolkata Knight Riders
389,2013-04-09,Mumbai Indians,Delhi Daredevils,Mumbai Indians,bat,Mumbai Indians,Wankhede Stadium,Mumbai Indians,Delhi Daredevils
390,2013-04-10,Kings XI Punjab,Chennai Super Kings,Chennai Super Kings,field,Chennai Super Kings,"Punjab Cricket Association Stadium, Mohali",Kings XI Punjab,Chennai Super Kings
391,2013-04-11,Kolkata Knight Riders,Royal Challengers Bangalore,Royal Challengers Bangalore,field,Royal Challengers Bangalore,M Chinnaswamy Stadium,Kolkata Knight Riders,Royal Challengers Bangalore
393,2013-04-12,Delhi Daredevils,Sunrisers Hyderabad,Delhi Daredevils,bat,Sunrisers Hyderabad,Feroz Shah Kotla,Delhi Daredevils,Sunrisers Hyderabad
395,2013-04-13,Royal Challengers Bangalore,Chennai Super Kings,Chennai Super Kings,field,Chennai Super Kings,"MA Chidambaram Stadium, Chepauk",Royal Challengers Bangalore,Chennai Super Kings
396,2013-04-14,Kolkata Knight Riders,Sunrisers Hyderabad,Kolkata Knight Riders,bat,Kolkata Knight Riders,Eden Gardens,Kolkata Knight Riders,Sunrisers Hyderabad
397,2013-04-14,Kings XI Punjab,Rajasthan Royals,Rajasthan Royals,field,Rajasthan Royals,Sawai Mansingh Stadium,Kings XI Punjab,Rajasthan Royals
399,2013-04-16,Kings XI Punjab,Kolkata Knight Riders,Kolkata Knight Riders,field,Kings XI Punjab,"Punjab Cricket Association Stadium, Mohali",Kings XI Punjab,Kolkata Knight Riders
400,2013-04-16,Delhi Daredevils,Royal Challengers Bangalore,Royal Challengers Bangalore,field,Royal Challengers Bangalore,M Chinnaswamy Stadium,Delhi Daredevils,Royal Challengers Bangalore
402,2013-04-17,Rajasthan Royals,Mumbai Indians,Rajasthan Royals,bat,Rajasthan Royals,Sawai Mansingh Stadium,Rajasthan Royals,Mumbai Indians
403,2013-04-18,Chennai Super Kings,Delhi Daredevils,Chennai Super Kings,bat,Chennai Super Kings,Feroz Shah Kotla,Chennai Super Kings,Delhi Daredevils
404,2013-04-19,Kings XI Punjab,Sunrisers Hyderabad,Kings XI Punjab,bat,Sunrisers Hyderabad,"Rajiv Gandhi International Stadium, Uppal",Kings XI Punjab,Sunrisers Hyderabad
405,2013-04-20,Kolkata Knight Riders,Chennai Super Kings,Kolkata Knight Riders,bat,Chennai Super Kings,Eden Gardens,Kolkata Knight Riders,Chennai Super Kings
406,2013-04-20,Rajasthan Royals,Royal Challengers Bangalore,Royal Challengers Bangalore,field,Royal Challengers Bangalore,M Chinnaswamy Stadium,Rajasthan Royals,Royal Challengers Bangalore
407,2013-04-21,Mumbai Indians,Delhi Daredevils,Mumbai Indians,bat,Delhi Daredevils,Feroz Shah Kotla,Mumbai Indians,Delhi Daredevils
409,2013-04-22,Rajasthan Royals,Chennai Super Kings,Rajasthan Royals,bat,Chennai Super Kings,"MA Chidambaram Stadium, Chepauk",Rajasthan Royals,Chennai Super Kings
411,2013-05-16,Kings XI Punjab,Delhi Daredevils,Delhi Daredevils,field,Kings XI Punjab,Himachal Pradesh Cricket Association Stadium,Kings XI Punjab,Delhi Daredevils
412,2013-04-24,Kolkata Knight Riders,Mumbai Indians,Kolkata Knight Riders,bat,Mumbai Indians,Eden Gardens,Kolkata Knight Riders,Mumbai Indians
413,2013-04-25,Sunrisers Hyderabad,Chennai Super Kings,Sunrisers Hyderabad,bat,Chennai Super Kings,"MA Chidambaram Stadium, Chepauk",Sunrisers Hyderabad,Chennai Super Kings
414,2013-04-26,Kings XI Punjab,Kolkata Knight Riders,Kings XI Punjab,bat,Kolkata Knight Riders,Eden Gardens,Kings XI Punjab,Kolkata Knight Riders
415,2013-04-27,Sunrisers Hyderabad,Rajasthan Royals,Sunrisers Hyderabad,bat,Rajasthan Royals,Sawai Mansingh Stadium,Sunrisers Hyderabad,Rajasthan Royals
416,2013-04-27,Mumbai Indians,Royal Challengers Bangalore,Mumbai Indians,bat,Mumbai Indians,Wankhede Stadium,Mumbai Indians,Royal Challengers Bangalore
417,2013-04-28,Chennai Super Kings,Kolkata Knight Riders,Kolkata Knight Riders,field,Chennai Super Kings,"MA Chidambaram Stadium, Chepauk",Chennai Super Kings,Kolkata Knight Riders
419,2013-04-29,Royal Challengers Bangalore,Rajasthan Royals,Rajasthan Royals,field,Rajasthan Royals,Sawai Mansingh Stadium,Royal Challengers Bangalore,Rajasthan Royals
420,2013-04-29,Mumbai Indians,Kings XI Punjab,Mumbai Indians,bat,Mumbai Indians,Wankhede Stadium,Mumbai Indians,Kings XI Punjab
422,2013-05-01,Mumbai Indians,Sunrisers Hyderabad,Mumbai Indians,bat,Sunrisers Hyderabad,"Rajiv Gandhi International Stadium, Uppal",Mumbai Indians,Sunrisers Hyderabad
423,2013-05-01,Kolkata Knight Riders,Delhi Daredevils,Kolkata Knight Riders,bat,Delhi Daredevils,Shaheed Veer Narayan Singh International Stadium,Kolkata Knight Riders,Delhi Daredevils
424,2013-05-02,Chennai Super Kings,Kings XI Punjab,Chennai Super Kings,bat,Chennai Super Kings,"MA Chidambaram Stadium, Chepauk",Chennai Super Kings,Kings XI Punjab
426,2013-05-03,Rajasthan Royals,Kolkata Knight Riders,Rajasthan Royals,bat,Kolkata Knight Riders,Eden Gardens,Rajasthan Royals,Kolkata Knight Riders
427,2013-05-04,Delhi Daredevils,Sunrisers Hyderabad,Delhi Daredevils,bat,Sunrisers Hyderabad,"Rajiv Gandhi International Stadium, Uppal",Delhi Daredevils,Sunrisers Hyderabad
428,2013-05-14,Royal Challengers Bangalore,Kings XI Punjab,Kings XI Punjab,field,Kings XI Punjab,M Chinnaswamy Stadium,Royal Challengers Bangalore,Kings XI Punjab
429,2013-05-05,Mumbai Indians,Chennai Super Kings,Mumbai Indians,bat,Mumbai Indians,Wankhede Stadium,Mumbai Indians,Chennai Super Kings
431,2013-04-09,Sunrisers Hyderabad,Royal Challengers Bangalore,Sunrisers Hyderabad,bat,Royal Challengers Bangalore,M Chinnaswamy Stadium,Sunrisers Hyderabad,Royal Challengers Bangalore
432,2013-05-07,Delhi Daredevils,Rajasthan Royals,Delhi Daredevils,bat,Rajasthan Royals,Sawai Mansingh Stadium,Delhi Daredevils,Rajasthan Royals
433,2013-05-07,Mumbai Indians,Kolkata Knight Riders,Mumbai Indians,bat,Mumbai Indians,Wankhede Stadium,Mumbai Indians,Kolkata Knight Riders
434,2013-05-08,Chennai Super Kings,Sunrisers Hyderabad,Sunrisers Hyderabad,field,Chennai Super Kings,"Rajiv Gandhi International Stadium, Uppal",Chennai Super Kings,Sunrisers Hyderabad
435,2013-05-09,Kings XI Punjab,Rajasthan Royals,Rajasthan Royals,field,Rajasthan Royals,"Punjab Cricket Association Stadium, Mohali",Kings XI Punjab,Rajasthan Royals
437,2013-05-10,Royal Challengers Bangalore,Delhi Daredevils,Delhi Daredevils,field,Royal Challengers Bangalore,Feroz Shah Kotla,Royal Challengers Bangalore,Delhi Daredevils
439,2013-05-11,Sunrisers Hyderabad,Kings XI Punjab,Kings XI Punjab,field,Sunrisers Hyderabad,"Punjab Cricket Association Stadium, Mohali",Sunrisers Hyderabad,Kings XI Punjab
440,2013-05-12,Royal Challengers Bangalore,Kolkata Knight Riders,Kolkata Knight Riders,field,Kolkata Knight Riders,JSCA International Stadium Complex,Royal Challengers Bangalore,Kolkata Knight Riders
441,2013-05-12,Chennai Super Kings,Rajasthan Royals,Rajasthan Royals,field,Rajasthan Royals,Sawai Mansingh Stadium,Chennai Super Kings,Rajasthan Royals
442,2013-04-23,Delhi Daredevils,Kings XI Punjab,Kings XI Punjab,field,Kings XI Punjab,Feroz Shah Kotla,Delhi Daredevils,Kings XI Punjab
443,2013-05-13,Sunrisers Hyderabad,Mumbai Indians,Sunrisers Hyderabad,bat,Mumbai Indians,Wankhede Stadium,Sunrisers Hyderabad,Mumbai Indians
445,2013-05-14,Chennai Super Kings,Delhi Daredevils,Chennai Super Kings,bat,Chennai Super Kings,"MA Chidambaram Stadium, Chepauk",Chennai Super Kings,Delhi Daredevils
446,2013-05-15,Mumbai Indians,Rajasthan Royals,Rajasthan Royals,field,Mumbai Indians,Wankhede Stadium,Mumbai Indians,Rajasthan Royals
447,2013-05-06,Royal Challengers Bangalore,Kings XI Punjab,Kings XI Punjab,field,Kings XI Punjab,"Punjab Cricket Association Stadium, Mohali",Royal Challengers Bangalore,Kings XI Punjab
448,2013-05-17,Sunrisers Hyderabad,Rajasthan Royals,Sunrisers Hyderabad,bat,Sunrisers Hyderabad,"Rajiv Gandhi International Stadium, Uppal",Sunrisers Hyderabad,Rajasthan Royals
449,2013-05-18,Kings XI Punjab,Mumbai Indians,Mumbai Indians,field,Kings XI Punjab,Himachal Pradesh Cricket Association Stadium,Kings XI Punjab,Mumbai Indians
451,2013-05-18,Royal Challengers Bangalore,Chennai Super Kings,Chennai Super Kings,field,Royal Challengers Bangalore,M Chinnaswamy Stadium,Royal Challengers Bangalore,Chennai Super Kings
452,2013-05-19,Kolkata Knight Riders,Sunrisers Hyderabad,Kolkata Knight Riders,bat,Sunrisers Hyderabad,"Rajiv Gandhi International Stadium, Uppal",Kolkata Knight Riders,Sunrisers Hyderabad
453,2013-05-21,Chennai Super Kings,Mumbai Indians,Chennai Super Kings,bat,Chennai Super Kings,Feroz Shah Kotla,Chennai Super Kings,Mumbai Indians
454,2013-05-22,Sunrisers Hyderabad,Rajasthan Royals,Sunrisers Hyderabad,bat,Rajasthan Royals,Feroz Shah Kotla,Sunrisers Hyderabad,Rajasthan Royals
455,2013-05-24,Rajasthan Royals,Mumbai Indians,Rajasthan Royals,bat,Mumbai Indians,Eden Gardens,Rajasthan Royals,Mumbai Indians
456,2013-05-26,Mumbai Indians,Chennai Super Kings,Mumbai Indians,bat,Mumbai Indians,Eden Gardens,Mumbai Indians,Chennai Super Kings
457,2014-04-16,Kolkata Knight Riders,Mumbai Indians,Kolkata Knight Riders,bat,Kolkata Knight Riders,Sheikh Zayed Stadium,Kolkata Knight Riders,Mumbai Indians
458,2014-04-17,Delhi Daredevils,Royal Challengers Bangalore,Royal Challengers Bangalore,field,Royal Challengers Bangalore,Sharjah Cricket Stadium,Delhi Daredevils,Royal Challengers Bangalore
459,2014-04-18,Chennai Super Kings,Kings XI Punjab,Chennai Super Kings,bat,Kings XI Punjab,Sheikh Zayed Stadium,Chennai Super Kings,Kings XI Punjab
460,2014-04-18,Sunrisers Hyderabad,Rajasthan Royals,Rajasthan Royals,field,Rajasthan Royals,Sheikh Zayed Stadium,Sunrisers Hyderabad,Rajasthan Royals
461,2014-04-19,Mumbai Indians,Royal Challengers Bangalore,Royal Challengers Bangalore,field,Royal Challengers Bangalore,Dubai International Cricket Stadium,Mumbai Indians,Royal Challengers Bangalore
462,2014-04-19,Kolkata Knight Riders,Delhi Daredevils,Kolkata Knight Riders,bat,Delhi Daredevils,Dubai International Cricket Stadium,Kolkata Knight Riders,Delhi Daredevils
463,2014-04-20,Rajasthan Royals,Kings XI Punjab,Kings XI Punjab,field,Kings XI Punjab,Sharjah Cricket Stadium,Rajasthan Royals,Kings XI Punjab
464,2014-04-21,Chennai Super Kings,Delhi Daredevils,Chennai Super Kings,bat,Chennai Super Kings,Sheikh Zayed Stadium,Chennai Super Kings,Delhi Daredevils
465,2014-04-22,Kings XI Punjab,Sunrisers Hyderabad,Sunrisers Hyderabad,field,Kings XI Punjab,Sharjah Cricket Stadium,Kings XI Punjab,Sunrisers Hyderabad
466,2014-04-23,Chennai Super Kings,Rajasthan Royals,Rajasthan Royals,field,Chennai Super Kings,Dubai International Cricket Stadium,Chennai Super Kings,Rajasthan Royals
467,2014-04-24,Kolkata Knight Riders,Royal Challengers Bangalore,Royal Challengers Bangalore,field,Kolkata Knight Riders,Sharjah Cricket Stadium,Kolkata Knight Riders,Royal Challengers Bangalore
468,2014-04-25,Sunrisers Hyderabad,Delhi Daredevils,Sunrisers Hyderabad,bat,Sunrisers Hyderabad,Dubai International Cricket Stadium,Sunrisers Hyderabad,Delhi Daredevils
469,2014-04-25,Mumbai Indians,Chennai Super Kings,Mumbai Indians,bat,Chennai Super Kings,Dubai International Cricket Stadium,Mumbai Indians,Chennai Super Kings
470,2014-04-26,Royal Challengers Bangalore,Rajasthan Royals,Rajasthan Royals,field,Rajasthan Royals,Sheikh Zayed Stadium,Royal Challengers Bangalore,Rajasthan Royals
471,2014-04-26,Kings XI Punjab,Kolkata Knight Riders,Kolkata Knight Riders,field,Kings XI Punjab,Sheikh Zayed Stadium,Kings XI Punjab,Kolkata Knight Riders
472,2014-04-27,Mumbai Indians,Delhi Daredevils,Mumbai Indians,bat,Delhi Daredevils,Sharjah Cricket Stadium,Mumbai Indians,Delhi Daredevils
473,2014-04-27,Sunrisers Hyderabad,Chennai Super Kings,Sunrisers Hyderabad,bat,Chennai Super Kings,Sharjah Cricket Stadium,Sunrisers Hyderabad,Chennai Super Kings
474,2014-04-28,Royal Challengers Bangalore,Kings XI Punjab,Kings XI Punjab,field,Kings XI Punjab,Dubai International Cricket Stadium,Royal Challengers Bangalore,Kings XI Punjab
475,2014-04-29,Rajasthan Royals,Kolkata Knight Riders,Rajasthan Royals,bat,Rajasthan Royals,Sheikh Zayed Stadium,Rajasthan Royals,Kolkata Knight Riders
476,2014-04-30,Sunrisers Hyderabad,Mumbai Indians,Mumbai Indians,field,Sunrisers Hyderabad,Dubai International Cricket Stadium,Sunrisers Hyderabad,Mumbai Indians
477,2014-05-02,Chennai Super Kings,Kolkata Knight Riders,Chennai Super Kings,bat,Chennai Super Kings,JSCA International Stadium Complex,Chennai Super Kings,Kolkata Knight Riders
478,2014-05-03,Kings XI Punjab,Mumbai Indians,Kings XI Punjab,bat,Mumbai Indians,Wankhede Stadium,Kings XI Punjab,Mumbai Indians
479,2014-05-03,Delhi Daredevils,Rajasthan Royals,Rajasthan Royals,field,Rajasthan Royals,Feroz Shah Kotla,Delhi Daredevils,Rajasthan Royals
480,2014-05-04,Sunrisers Hyderabad,Royal Challengers Bangalore,Royal Challengers Bangalore,field,Royal Challengers Bangalore,M Chinnaswamy Stadium,Sunrisers Hyderabad,Royal Challengers Bangalore
481,2014-05-05,Rajasthan Royals,Kolkata Knight Riders,Kolkata Knight Riders,field,Rajasthan Royals,"Sardar Patel Stadium, Motera",Rajasthan Royals,Kolkata Knight Riders
482,2014-05-05,Delhi Daredevils,Chennai Super Kings,Chennai Super Kings,field,Chennai Super Kings,Feroz Shah Kotla,Delhi Daredevils,Chennai Super Kings
483,2014-05-06,Mumbai Indians,Royal Challengers Bangalore,Royal Challengers Bangalore,field,Mumbai Indians,Wankhede Stadium,Mumbai Indians,Royal Challengers Bangalore
484,2014-05-07,Delhi Daredevils,Kolkata Knight Riders,Delhi Daredevils,bat,Kolkata Knight Riders,Feroz Shah Kotla,Delhi Daredevils,Kolkata Knight Riders
485,2014-05-07,Kings XI Punjab,Chennai Super Kings,Chennai Super Kings,field,Kings XI Punjab,Barabati Stadium,Kings XI Punjab,Chennai Super Kings
486,2014-05-08,Sunrisers Hyderabad,Rajasthan Royals,Rajasthan Royals,field,Sunrisers Hyderabad,"Sardar Patel Stadium, Motera",Sunrisers Hyderabad,Rajasthan Royals
487,2014-05-09,Kings XI Punjab,Royal Challengers Bangalore,Royal Challengers Bangalore,field,Kings XI Punjab,M Chinnaswamy Stadium,Kings XI Punjab,Royal Challengers Bangalore
488,2014-05-10,Delhi Daredevils,Sunrisers Hyderabad,Sunrisers Hyderabad,field,Sunrisers Hyderabad,Feroz Shah Kotla,Delhi Daredevils,Sunrisers Hyderabad
489,2014-05-10,Mumbai Indians,Chennai Super Kings,Chennai Super Kings,field,Chennai Super Kings,Wankhede Stadium,Mumbai Indians,Chennai Super Kings
490,2014-05-11,Kings XI Punjab,Kolkata Knight Riders,Kolkata Knight Riders,field,Kolkata Knight Riders,Barabati Stadium,Kings XI Punjab,Kolkata Knight Riders
491,2014-05-11,Royal Challengers Bangalore,Rajasthan Royals,Royal Challengers Bangalore,bat,Rajasthan Royals,M Chinnaswamy Stadium,Royal Challengers Bangalore,Rajasthan Royals
492,2014-05-12,Sunrisers Hyderabad,Mumbai Indians,Sunrisers Hyderabad,bat,Mumbai Indians,"Rajiv Gandhi International Stadium, Uppal",Sunrisers Hyderabad,Mumbai Indians
493,2014-05-13,Rajasthan Royals,Chennai Super Kings,Rajasthan Royals,bat,Chennai Super Kings,JSCA International Stadium Complex,Rajasthan Royals,Chennai Super Kings
494,2014-05-13,Royal Challengers Bangalore,Delhi Daredevils,Delhi Daredevils,field,Royal Challengers Bangalore,M Chinnaswamy Stadium,Royal Challengers Bangalore,Delhi Daredevils
495,2014-05-14,Sunrisers Hyderabad,Kings XI Punjab,Kings XI Punjab,field,Kings XI Punjab,"Rajiv Gandhi International Stadium, Uppal",Sunrisers Hyderabad,Kings XI Punjab
496,2014-05-14,Mumbai Indians,Kolkata Knight Riders,Kolkata Knight Riders,field,Kolkata Knight Riders,Barabati Stadium,Mumbai Indians,Kolkata Knight Riders
497,2014-05-15,Rajasthan Royals,Delhi Daredevils,Delhi Daredevils,field,Rajasthan Royals,"Sardar Patel Stadium, Motera",Rajasthan Royals,Delhi Daredevils
498,2014-05-18,Chennai Super Kings,Royal Challengers Bangalore,Chennai Super Kings,bat,Royal Challengers Bangalore,JSCA International Stadium Complex,Chennai Super Kings,Royal Challengers Bangalore
499,2014-05-18,Sunrisers Hyderabad,Kolkata Knight Riders,Sunrisers Hyderabad,bat,Kolkata Knight Riders,"Rajiv Gandhi International Stadium, Uppal",Sunrisers Hyderabad,Kolkata Knight Riders
500,2014-05-19,Mumbai Indians,Rajasthan Royals,Mumbai Indians,bat,Mumbai Indians,"Sardar Patel Stadium, Motera",Mumbai Indians,Rajasthan Royals
501,2014-05-19,Delhi Daredevils,Kings XI Punjab,Kings XI Punjab,field,Kings XI Punjab,Feroz Shah Kotla,Delhi Daredevils,Kings XI Punjab
502,2014-05-20,Royal Challengers Bangalore,Sunrisers Hyderabad,Royal Challengers Bangalore,bat,Sunrisers Hyderabad,"Rajiv Gandhi International Stadium, Uppal",Royal Challengers Bangalore,Sunrisers Hyderabad
503,2014-05-20,Chennai Super Kings,Kolkata Knight Riders,Kolkata Knight Riders,field,Kolkata Knight Riders,Eden Gardens,Chennai Super Kings,Kolkata Knight Riders
504,2014-05-21,Kings XI Punjab,Mumbai Indians,Mumbai Indians,field,Mumbai Indians,"Punjab Cricket Association Stadium, Mohali",Kings XI Punjab,Mumbai Indians
505,2014-05-22,Kolkata Knight Riders,Royal Challengers Bangalore,Royal Challengers Bangalore,field,Kolkata Knight Riders,Eden Gardens,Kolkata Knight Riders,Royal Challengers Bangalore
506,2014-05-22,Chennai Super Kings,Sunrisers Hyderabad,Sunrisers Hyderabad,field,Sunrisers Hyderabad,JSCA International Stadium Complex,Chennai Super Kings,Sunrisers Hyderabad
507,2014-05-23,Mumbai Indians,Delhi Daredevils,Delhi Daredevils,field,Mumbai Indians,Wankhede Stadium,Mumbai Indians,Delhi Daredevils
508,2014-05-23,Kings XI Punjab,Rajasthan Royals,Rajasthan Royals,field,Kings XI Punjab,"Punjab Cricket Association Stadium, Mohali",Kings XI Punjab,Rajasthan Royals
509,2014-05-24,Royal Challengers Bangalore,Chennai Super Kings,Chennai Super Kings,field,Chennai Super Kings,M Chinnaswamy Stadium,Royal Challengers Bangalore,Chennai Super Kings
510,2014-05-24,Sunrisers Hyderabad,Kolkata Knight Riders,Kolkata Knight Riders,field,Kolkata Knight Riders,Eden Gardens,Sunrisers Hyderabad,Kolkata Knight Riders
511,2014-05-25,Delhi Daredevils,Kings XI Punjab,Kings XI Punjab,field,Kings XI Punjab,"Punjab Cricket Association Stadium, Mohali",Delhi Daredevils,Kings XI Punjab
512,2014-05-25,Rajasthan Royals,Mumbai Indians,Mumbai Indians,field,Mumbai Indians,Wankhede Stadium,Rajasthan Royals,Mumbai Indians
513,2014-05-27,Kolkata Knight Riders,Kings XI Punjab,Kings XI Punjab,field,Kolkata Knight Riders,Eden Gardens,Kolkata Knight Riders,Kings XI Punjab
514,2014-05-28,Mumbai Indians,Chennai Super Kings,Chennai Super Kings,field,Chennai Super Kings,Brabourne Stadium,Mumbai Indians,Chennai Super Kings
515,2014-05-30,Kings XI Punjab,Chennai Super Kings,Chennai Super Kings,field,Kings XI Punjab,Wankhede Stadium,Kings XI Punjab,Chennai Super Kings
516,2014-06-01,Kings XI Punjab,Kolkata Knight Riders,Kolkata Knight Riders,field,Kolkata Knight Riders,M Chinnaswamy Stadium,Kings XI Punjab,Kolkata Knight Riders
517,2015-04-08,Mumbai Indians,Kolkata Knight Riders,Kolkata Knight Riders,field,Kolkata Knight Riders,Eden Gardens,Mumbai Indians,Kolkata Knight Riders
518,2015-04-09,Chennai Super Kings,Delhi Daredevils,Delhi Daredevils,field,Chennai Super Kings,"MA Chidambaram Stadium, Chepauk",Chennai Super Kings,Delhi Daredevils
519,2015-04-10,Rajasthan Royals,Kings XI Punjab,Kings XI Punjab,field,Rajasthan Royals,Maharashtra Cricket Association Stadium,Rajasthan Royals,Kings XI Punjab
520,2015-04-11,Chennai Super Kings,Sunrisers Hyderabad,Chennai Super Kings,bat,Chennai Super Kings,"MA Chidambaram Stadium, Chepauk",Chennai Super Kings,Sunrisers Hyderabad
521,2015-04-11,Kolkata Knight Riders,Royal Challengers Bangalore,Royal Challengers Bangalore,field,Royal Challengers Bangalore,Eden Gardens,Kolkata Knight Riders,Royal Challengers Bangalore
522,2015-04-12,Delhi Daredevils,Rajasthan Royals,Rajasthan Royals,field,Rajasthan Royals,Feroz Shah Kotla,Delhi Daredevils,Rajasthan Royals
523,2015-04-12,Kings XI Punjab,Mumbai Indians,Mumbai Indians,field,Kings XI Punjab,Wankhede Stadium,Kings XI Punjab,Mumbai Indians
524,2015-04-13,Royal Challengers Bangalore,Sunrisers Hyderabad,Sunrisers Hyderabad,field,Sunrisers Hyderabad,M Chinnaswamy Stadium,Royal Challengers Bangalore,Sunrisers Hyderabad
525,2015-04-14,Mumbai Indians,Rajasthan Royals,Mumbai Indians,bat,Rajasthan Royals,"Sardar Patel Stadium, Motera",Mumbai Indians,Rajasthan Royals
526,2015-04-30,Chennai Super Kings,Kolkata Knight Riders,Kolkata Knight Riders,field,Kolkata Knight Riders,Eden Gardens,Chennai Super Kings,Kolkata Knight Riders
527,2015-04-15,Kings XI Punjab,Delhi Daredevils,Kings XI Punjab,bat,Delhi Daredevils,Maharashtra Cricket Association Stadium,Kings XI Punjab,Delhi Daredevils
528,2015-04-16,Sunrisers Hyderabad,Rajasthan Royals,Rajasthan Royals,field,Rajasthan Royals,Dr. Y.S. Rajasekhara Reddy ACA-VDCA Cricket Stadium,Sunrisers Hyderabad,Rajasthan Royals
529,2015-04-17,Mumbai Indians,Chennai Super Kings,Mumbai Indians,bat,Chennai Super Kings,Wankhede Stadium,Mumbai Indians,Chennai Super Kings
530,2015-04-18,Delhi Daredevils,Sunrisers Hyderabad,Delhi Daredevils,bat,Delhi Daredevils,Dr. Y.S. Rajasekhara Reddy ACA-VDCA Cricket Stadium,Delhi Daredevils,Sunrisers Hyderabad
531,2015-04-18,Kings XI Punjab,Kolkata Knight Riders,Kolkata Knight Riders,field,Kolkata Knight Riders,Maharashtra Cricket Association Stadium,Kings XI Punjab,Kolkata Knight Riders
532,2015-04-19,Chennai Super Kings,Rajasthan Royals,Chennai Super Kings,bat,Rajasthan Royals,"Sardar Patel Stadium, Motera",Chennai Super Kings,Rajasthan Royals
533,2015-04-19,Mumbai Indians,Royal Challengers Bangalore,Royal Challengers Bangalore,field,Mumbai Indians,M Chinnaswamy Stadium,Mumbai Indians,Royal Challengers Bangalore
534,2015-04-20,Delhi Daredevils,Kolkata Knight Riders,Kolkata Knight Riders,field,Kolkata Knight Riders,Feroz Shah Kotla,Delhi Daredevils,Kolkata Knight Riders
535,2015-04-21,Rajasthan Royals,Kings XI Punjab,Kings XI Punjab,field,Kings XI Punjab,"Sardar Patel Stadium, Motera",Rajasthan Royals,Kings XI Punjab
536,2015-04-22,Sunrisers Hyderabad,Kolkata Knight Riders,Kolkata Knight Riders,field,Sunrisers Hyderabad,Dr. Y.S. Rajasekhara Reddy ACA-VDCA Cricket Stadium,Sunrisers Hyderabad,Kolkata Knight Riders
537,2015-04-22,Chennai Super Kings,Royal Challengers Bangalore,Royal Challengers Bangalore,field,Chennai Super Kings,M Chinnaswamy Stadium,Chennai Super Kings,Royal Challengers Bangalore
538,2015-04-23,Delhi Daredevils,Mumbai Indians,Mumbai Indians,field,Delhi Daredevils,Feroz Shah Kotla,Delhi Daredevils,Mumbai Indians
539,2015-04-24,Rajasthan Royals,Royal Challengers Bangalore,Royal Challengers Bangalore,field,Royal Challengers Bangalore,"Sardar Patel Stadium, Motera",Rajasthan Royals,Royal Challengers Bangalore
540,2015-04-25,Mumbai Indians,Sunrisers Hyderabad,Mumbai Indians,bat,Mumbai Indians,Wankhede Stadium,Mumbai Indians,Sunrisers Hyderabad
541,2015-04-25,Chennai Super Kings,Kings XI Punjab,Chennai Super Kings,bat,Chennai Super Kings,"MA Chidambaram Stadium, Chepauk",Chennai Super Kings,Kings XI Punjab
542,2015-04-26,Delhi Daredevils,Royal Challengers Bangalore,Royal Challengers Bangalore,field,Royal Challengers Bangalore,Feroz Shah Kotla,Delhi Daredevils,Royal Challengers Bangalore
543,2015-04-27,Sunrisers Hyderabad,Kings XI Punjab,Kings XI Punjab,field,Sunrisers Hyderabad,"Punjab Cricket Association Stadium, Mohali",Sunrisers Hyderabad,Kings XI Punjab
544,2015-05-07,Kolkata Knight Riders,Delhi Daredevils,Kolkata Knight Riders,bat,Kolkata Knight Riders,Eden Gardens,Kolkata Knight Riders,Delhi Daredevils
545,2015-04-29,Royal Challengers Bangalore,Rajasthan Royals,Rajasthan Royals,field,,M Chinnaswamy Stadium,Royal Challengers Bangalore,Rajasthan Royals
546,2015-04-28,Chennai Super Kings,Kolkata Knight Riders,Kolkata Knight Riders,field,Chennai Super Kings,"MA Chidambaram Stadium, Chepauk",Chennai Super Kings,Kolkata Knight Riders
547,2015-05-01,Kings XI Punjab,Delhi Daredevils,Delhi Daredevils,field,Delhi Daredevils,Feroz Shah Kotla,Kings XI Punjab,Delhi Daredevils
548,2015-05-01,Mumbai Indians,Rajasthan Royals,Rajasthan Royals,field,Mumbai Indians,Wankhede Stadium,Mumbai Indians,Rajasthan Royals
549,2015-05-02,Kolkata Knight Riders,Royal Challengers Bangalore,Royal Challengers Bangalore,field,Royal Challengers Bangalore,M Chinnaswamy Stadium,Kolkata Knight Riders,Royal Challengers Bangalore
550,2015-05-02,Sunrisers Hyderabad,Chennai Super Kings,Chennai Super Kings,field,Sunrisers Hyderabad,"Rajiv Gandhi International Stadium, Uppal",Sunrisers Hyderabad,Chennai Super Kings
551,2015-05-03,Mumbai Indians,Kings XI Punjab,Mumbai Indians,bat,Mumbai Indians,"Punjab Cricket Association Stadium, Mohali",Mumbai Indians,Kings XI Punjab
552,2015-05-03,Rajasthan Royals,Delhi Daredevils,Delhi Daredevils,field,Rajasthan Royals,Brabourne Stadium,Rajasthan Royals,Delhi Daredevils
553,2015-05-04,Chennai Super Kings,Royal Challengers Bangalore,Chennai Super Kings,bat,Chennai Super Kings,"MA Chidambaram Stadium, Chepauk",Chennai Super Kings,Royal Challengers Bangalore
554,2015-05-04,Kolkata Knight Riders,Sunrisers Hyderabad,Sunrisers Hyderabad,field,Kolkata Knight Riders,Eden Gardens,Kolkata Knight Riders,Sunrisers Hyderabad
555,2015-05-05,Delhi Daredevils,Mumbai Indians,Delhi Daredevils,bat,Mumbai Indians,Wankhede Stadium,Delhi Daredevils,Mumbai Indians
556,2015-05-06,Royal Challengers Bangalore,Kings XI Punjab,Kings XI Punjab,field,Royal Challengers Bangalore,M Chinnaswamy Stadium,Royal Challengers Bangalore,Kings XI Punjab
557,2015-05-07,Sunrisers Hyderabad,Rajasthan Royals,Rajasthan Royals,field,Sunrisers Hyderabad,Brabourne Stadium,Sunrisers Hyderabad,Rajasthan Royals
558,2015-05-08,Chennai Super Kings,Mumbai Indians,Chennai Super Kings,bat,Mumbai Indians,"MA Chidambaram Stadium, Chepauk",Chennai Super Kings,Mumbai Indians
559,2015-05-09,Kings XI Punjab,Kolkata Knight Riders,Kings XI Punjab,bat,Kolkata Knight Riders,Eden Gardens,Kings XI Punjab,Kolkata Knight Riders
560,2015-05-09,Sunrisers Hyderabad,Delhi Daredevils,Sunrisers Hyderabad,bat,Sunrisers Hyderabad,Shaheed Veer Narayan Singh International Stadium,Sunrisers Hyderabad,Delhi Daredevils
561,2015-05-10,Royal Challengers Bangalore,Mumbai Indians,Royal Challengers Bangalore,bat,Royal Challengers Bangalore,Wankhede Stadium,Royal Challengers Bangalore,Mumbai Indians
562,2015-05-10,Chennai Super Kings,Rajasthan Royals,Chennai Super Kings,bat,Chennai Super Kings,"MA Chidambaram Stadium, Chepauk",Chennai Super Kings,Rajasthan Royals
563,2015-05-11,Sunrisers Hyderabad,Kings XI Punjab,Sunrisers Hyderabad,bat,Sunrisers Hyderabad,"Rajiv Gandhi International Stadium, Uppal",Sunrisers Hyderabad,Kings XI Punjab
564,2015-05-12,Chennai Super Kings,Delhi Daredevils,Chennai Super Kings,bat,Delhi Daredevils,Shaheed Veer Narayan Singh International Stadium,Chennai Super Kings,Delhi Daredevils
565,2015-05-13,Kings XI Punjab,Royal Challengers Bangalore,Royal Challengers Bangalore,field,Kings XI Punjab,"Punjab Cricket Association Stadium, Mohali",Kings XI Punjab,Royal Challengers Bangalore
566,2015-05-14,Mumbai Indians,Kolkata Knight Riders,Kolkata Knight Riders,field,Mumbai Indians,Wankhede Stadium,Mumbai Indians,Kolkata Knight Riders
567,2015-05-15,Sunrisers Hyderabad,Royal Challengers Bangalore,Sunrisers Hyderabad,bat,Royal Challengers Bangalore,"Rajiv Gandhi International Stadium, Uppal",Sunrisers Hyderabad,Royal Challengers Bangalore
568,2015-05-16,Kings XI Punjab,Chennai Super Kings,Kings XI Punjab,bat,Chennai Super Kings,"Punjab Cricket Association Stadium, Mohali",Kings XI Punjab,Chennai Super Kings
569,2015-05-16,Rajasthan Royals,Kolkata Knight Riders,Rajasthan Royals,bat,Rajasthan Royals,Brabourne Stadium,Rajasthan Royals,Kolkata Knight Riders
570,2015-05-17,Delhi Daredevils,Royal Challengers Bangalore,Royal Challengers Bangalore,field,,M Chinnaswamy Stadium,Delhi Daredevils,Royal Challengers Bangalore
571,2015-05-17,Sunrisers Hyderabad,Mumbai Indians,Sunrisers Hyderabad,bat,Mumbai Indians,"Rajiv Gandhi International Stadium, Uppal",Sunrisers Hyderabad,Mumbai Indians
572,2015-05-19,Mumbai Indians,Chennai Super Kings,Mumbai Indians,bat,Mumbai Indians,Wankhede Stadium,Mumbai Indians,Chennai Super Kings
573,2015-05-20,Royal Challengers Bangalore,Rajasthan Royals,Royal Challengers Bangalore,bat,Royal Challengers Bangalore,Maharashtra Cricket Association Stadium,Royal Challengers Bangalore,Rajasthan Royals
574,2015-05-22,Royal Challengers Bangalore,Chennai Super Kings,Chennai Super Kings,field,Chennai Super Kings,JSCA International Stadium Complex,Royal Challengers Bangalore,Chennai Super Kings
575,2015-05-24,Mumbai Indians,Chennai Super Kings,Chennai Super Kings,field,Mumbai Indians,Eden Gardens,Mumbai Indians,Chennai Super Kings
577,2016-04-10,Delhi Daredevils,Kolkata Knight Riders,Kolkata Knight Riders,field,Kolkata Knight Riders,Eden Gardens,Delhi Daredevils,Kolkata Knight Riders
579,2016-04-12,Royal Challengers Bangalore,Sunrisers Hyderabad,Sunrisers Hyderabad,field,Royal Challengers Bangalore,M Chinnaswamy Stadium,Royal Challengers Bangalore,Sunrisers Hyderabad
580,2016-04-13,Kolkata Knight Riders,Mumbai Indians,Mumbai Indians,field,Mumbai Indians,Eden Gardens,Kolkata Knight Riders,Mumbai Indians
582,2016-04-15,Kings XI Punjab,Delhi Daredevils,Delhi Daredevils,field,Delhi Daredevils,Feroz Shah Kotla,Kings XI Punjab,Delhi Daredevils
583,2016-04-16,Sunrisers Hyderabad,Kolkata Knight Riders,Sunrisers Hyderabad,bat,Kolkata Knight Riders,"Rajiv Gandhi International Stadium, Uppal",Sunrisers Hyderabad,Kolkata Knight Riders
586,2016-04-17,Royal Challengers Bangalore,Delhi Daredevils,Delhi Daredevils,field,Delhi Daredevils,M Chinnaswamy Stadium,Royal Challengers Bangalore,Delhi Daredevils
587,2016-04-18,Mumbai Indians,Sunrisers Hyderabad,Sunrisers Hyderabad,field,Sunrisers Hyderabad,"Rajiv Gandhi International Stadium, Uppal",Mumbai Indians,Sunrisers Hyderabad
588,2016-04-19,Kings XI Punjab,Kolkata Knight Riders,Kolkata Knight Riders,field,Kolkata Knight Riders,"Punjab Cricket Association IS Bindra Stadium, Mohali",Kings XI Punjab,Kolkata Knight Riders
589,2016-04-20,Royal Challengers Bangalore,Mumbai Indians,Mumbai Indians,field,Mumbai Indians,Wankhede Stadium,Royal Challengers Bangalore,Mumbai Indians
592,2016-04-23,Delhi Daredevils,Mumbai Indians,Mumbai Indians,field,Delhi Daredevils,Feroz Shah Kotla,Delhi Daredevils,Mumbai Indians
593,2016-04-23,Kings XI Punjab,Sunrisers Hyderabad,Sunrisers Hyderabad,field,Sunrisers Hyderabad,"Rajiv Gandhi International Stadium, Uppal",Kings XI Punjab,Sunrisers Hyderabad
596,2016-04-25,Mumbai Indians,Kings XI Punjab,Kings XI Punjab,field,Mumbai Indians,"Punjab Cricket Association IS Bindra Stadium, Mohali",Mumbai Indians,Kings XI Punjab
599,2016-04-28,Kolkata Knight Riders,Mumbai Indians,Mumbai Indians,field,Mumbai Indians,Wankhede Stadium,Kolkata Knight Riders,Mumbai Indians
601,2016-04-30,Delhi Daredevils,Kolkata Knight Riders,Kolkata Knight Riders,field,Delhi Daredevils,Feroz Shah Kotla,Delhi Daredevils,Kolkata Knight Riders
602,2016-04-30,Sunrisers Hyderabad,Royal Challengers Bangalore,Royal Challengers Bangalore,field,Sunrisers Hyderabad,"Rajiv Gandhi International Stadium, Uppal",Sunrisers Hyderabad,Royal Challengers Bangalore
605,2016-05-02,Royal Challengers Bangalore,Kolkata Knight Riders,Kolkata Knight Riders,field,Kolkata Knight Riders,M Chinnaswamy Stadium,Royal Challengers Bangalore,Kolkata Knight Riders
607,2016-05-04,Kolkata Knight Riders,Kings XI Punjab,Kings XI Punjab,field,Kolkata Knight Riders,Eden Gardens,Kolkata Knight Riders,Kings XI Punjab
611,2016-05-07,Kings XI Punjab,Delhi Daredevils,Delhi Daredevils,field,Kings XI Punjab,"Punjab Cricket Association IS Bindra Stadium, Mohali",Kings XI Punjab,Delhi Daredevils
612,2016-05-08,Sunrisers Hyderabad,Mumbai Indians,Mumbai Indians,field,Sunrisers Hyderabad,Dr. Y.S. Rajasekhara Reddy ACA-VDCA Cricket Stadium,Sunrisers Hyderabad,Mumbai Indians
614,2016-05-09,Royal Challengers Bangalore,Kings XI Punjab,Kings XI Punjab,field,Royal Challengers Bangalore,"Punjab Cricket Association IS Bindra Stadium, Mohali",Royal Challengers Bangalore,Kings XI Punjab
616,2016-05-11,Royal Challengers Bangalore,Mumbai Indians,Mumbai Indians,field,Mumbai Indians,M Chinnaswamy Stadium,Royal Challengers Bangalore,Mumbai Indians
617,2016-05-12,Sunrisers Hyderabad,Delhi Daredevils,Delhi Daredevils,field,Delhi Daredevils,"Rajiv Gandhi International Stadium, Uppal",Sunrisers Hyderabad,Delhi Daredevils
618,2016-05-13,Mumbai Indians,Kings XI Punjab,Mumbai Indians,bat,Kings XI Punjab,Dr. Y.S. Rajasekhara Reddy ACA-VDCA Cricket Stadium,Mumbai Indians,Kings XI Punjab
621,2016-05-15,Kings XI Punjab,Sunrisers Hyderabad,Kings XI Punjab,bat,Sunrisers Hyderabad,"Punjab Cricket Association IS Bindra Stadium, Mohali",Kings XI Punjab,Sunrisers Hyderabad
622,2016-05-15,Mumbai Indians,Delhi Daredevils,Delhi Daredevils,field,Mumbai Indians,Dr. Y.S. Rajasekhara Reddy ACA-VDCA Cricket Stadium,Mumbai Indians,Delhi Daredevils
623,2016-05-16,Kolkata Knight Riders,Royal Challengers Bangalore,Royal Challengers Bangalore,field,Royal Challengers Bangalore,Eden Gardens,Kolkata Knight Riders,Royal Challengers Bangalore
625,2016-05-18,Royal Challengers Bangalore,Kings XI Punjab,Kings XI Punjab,field,Royal Challengers Bangalore,M Chinnaswamy Stadium,Royal Challengers Bangalore,Kings XI Punjab
627,2016-05-20,Sunrisers Hyderabad,Delhi Daredevils,Delhi Daredevils,field,Delhi Daredevils,Shaheed Veer Narayan Singh International Stadium,Sunrisers Hyderabad,Delhi Daredevils
630,2016-05-22,Kolkata Knight Riders,Sunrisers Hyderabad,Sunrisers Hyderabad,field,Kolkata Knight Riders,Eden Gardens,Kolkata Knight Riders,Sunrisers Hyderabad
631,2016-05-22,Delhi Daredevils,Royal Challengers Bangalore,Royal Challengers Bangalore,field,Royal Challengers Bangalore,Shaheed Veer Narayan Singh International Stadium,Delhi Daredevils,Royal Challengers Bangalore
633,2016-05-25,Sunrisers Hyderabad,Kolkata Knight Riders,Kolkata Knight Riders,field,Sunrisers Hyderabad,Feroz Shah Kotla,Sunrisers Hyderabad,Kolkata Knight Riders
635,2016-05-29,Sunrisers Hyderabad,Royal Challengers Bangalore,Sunrisers Hyderabad,bat,Sunrisers Hyderabad,M Chinnaswamy Stadium,Sunrisers Hyderabad,Royal Challengers Bangalore
